--
-- PostgreSQL database dump
--

-- Dumped from database version 15.2 (Debian 15.2-1.pgdg110+1)
-- Dumped by pg_dump version 15.2 (Debian 15.2-1.pgdg110+1)

SET statement_timeout = 0;
SET lock_timeout = 0;
SET idle_in_transaction_session_timeout = 0;
SET client_encoding = 'UTF8';
SET standard_conforming_strings = on;
SELECT pg_catalog.set_config('search_path', '', false);
SET check_function_bodies = false;
SET xmloption = content;
SET client_min_messages = warning;
SET row_security = off;

--
-- Name: type_account; Type: TYPE; Schema: public; Owner: postgres
--

CREATE TYPE public.type_account AS ENUM (
    'SAVING_ACCOUNT',
    'CURRENT_ACCOUNT'
);


ALTER TYPE public.type_account OWNER TO postgres;

--
-- Name: type_movement; Type: TYPE; Schema: public; Owner: postgres
--

CREATE TYPE public.type_movement AS ENUM (
    'IN',
    'OUT',
    'TRANSFER',
    'OTHER'
);


ALTER TYPE public.type_movement OWNER TO postgres;

SET default_tablespace = '';

SET default_table_access_method = heap;

--
-- Name: accounts; Type: TABLE; Schema: public; Owner: postgres
--

CREATE TABLE public.accounts (
    id uuid NOT NULL,
    type public.type_account NOT NULL,
    account_id text NOT NULL,
    created_at timestamp(3) without time zone DEFAULT CURRENT_TIMESTAMP NOT NULL,
    mount double precision NOT NULL,
    user_id uuid NOT NULL
);


ALTER TABLE public.accounts OWNER TO postgres;

--
-- Name: movements; Type: TABLE; Schema: public; Owner: postgres
--

CREATE TABLE public.movements (
    id uuid NOT NULL,
    type public.type_movement NOT NULL,
    account_from uuid NOT NULL,
    account_to uuid,
    mount double precision NOT NULL,
    created_at timestamp(3) without time zone DEFAULT CURRENT_TIMESTAMP NOT NULL,
    updated_at timestamp(3) without time zone
);


ALTER TABLE public.movements OWNER TO postgres;

--
-- Name: users; Type: TABLE; Schema: public; Owner: postgres
--

CREATE TABLE public.users (
    id uuid NOT NULL,
    name text NOT NULL,
    last_name text NOT NULL,
    email text NOT NULL,
    date_joined timestamp(3) without time zone,
    created_at timestamp(3) without time zone DEFAULT CURRENT_TIMESTAMP NOT NULL,
    updated_at timestamp(3) without time zone
);


ALTER TABLE public.users OWNER TO postgres;

--
-- Data for Name: accounts; Type: TABLE DATA; Schema: public; Owner: postgres
--

COPY public.accounts (id, type, account_id, created_at, mount, user_id) FROM stdin;
2f09b1ef-fa00-400a-8e73-a3a6ba64e299	CURRENT_ACCOUNT	2928419859110	2023-04-07 21:58:26.658	6210.26	994dc43f-7941-4c5a-8189-25e7170523eb
da937ba2-9d93-4914-82d4-27b0e8254a35	CURRENT_ACCOUNT	3168781950344	2023-04-07 21:58:26.714	759.34	f2b5c455-ff4f-483e-a1cb-10f872e2c8df
0c8c380b-7bc5-4c0c-91a5-47c627caf2fb	SAVING_ACCOUNT	1579907466644	2023-04-07 21:58:26.717	9276.67	93f845e0-aa9b-474e-95f0-a56358eedc61
86799c49-f4d9-4058-8b69-a7af9fc28eb2	SAVING_ACCOUNT	3774474609064	2023-04-07 21:58:26.718	2439.3	a2ed062c-459a-4f3b-abe7-2a66fb9ec76b
68403d93-9391-48ba-adcb-4e0069350187	CURRENT_ACCOUNT	3838295662502	2023-04-07 21:58:26.719	8746.58	0f35b2ee-5ddf-463b-a1e7-c522b1caca0d
840131bd-4108-4dc7-b585-292709106eec	CURRENT_ACCOUNT	2819246648545	2023-04-07 21:58:26.72	1126.15	93f845e0-aa9b-474e-95f0-a56358eedc61
34d61bf0-cbd3-4d55-ac2e-38fc3c7c7540	CURRENT_ACCOUNT	2404902328965	2023-04-07 21:58:26.721	1473.37	5ace4af1-b913-41f9-9303-7bffd9cee55d
7605520b-713d-495f-b153-0bd49fe5ee0e	CURRENT_ACCOUNT	1365958971499	2023-04-07 21:58:26.722	3410.44	8d248c3a-1d0e-471a-87fa-ef72d7cf9d70
b9e4d2ef-b539-4fdb-bc7c-9e79e01afded	CURRENT_ACCOUNT	4091214385138	2023-04-07 21:58:26.723	9482.14	a822a938-9d49-47c9-83b8-5e25026aa4cd
611fde1e-c61d-4601-b4c0-f0809784b11a	SAVING_ACCOUNT	3580692209875	2023-04-07 21:58:26.723	766.33	99b6cbd6-e617-4a5e-8b0e-ca8e2e6aee78
3a2b4cf2-4c7f-4021-babf-e683af9c99c2	CURRENT_ACCOUNT	2963798219558	2023-04-07 21:58:26.724	3114.15	8d248c3a-1d0e-471a-87fa-ef72d7cf9d70
bbaa25fb-e1f0-4d12-8e88-7a4fd641ffed	SAVING_ACCOUNT	2363725449037	2023-04-07 21:58:26.725	5189.78	a361a3de-9ca4-4f95-b684-aaf66df098f1
f981242f-4a17-44d7-b811-e9a3c64118e0	CURRENT_ACCOUNT	2669346127899	2023-04-07 21:58:26.725	9086.51	20865c7c-20f1-4c42-8530-3cf45b0183f8
449c8f63-3c2f-442d-ac10-46f1ac231d4c	SAVING_ACCOUNT	2094204404424	2023-04-07 21:58:26.726	7373.81	a2ed062c-459a-4f3b-abe7-2a66fb9ec76b
eaf11fb2-bc2f-4fde-b7cd-2a92c72c25c0	SAVING_ACCOUNT	2936349031285	2023-04-07 21:58:26.727	2372.55	8d248c3a-1d0e-471a-87fa-ef72d7cf9d70
6057e687-fa7b-4ed4-86dc-7dce51b457d7	CURRENT_ACCOUNT	1890422864262	2023-04-07 21:58:26.729	1663.76	994dc43f-7941-4c5a-8189-25e7170523eb
cf93f546-fcef-44b3-b507-a5a72d40a21f	SAVING_ACCOUNT	4085316757976	2023-04-07 21:58:26.73	8471.1	994dc43f-7941-4c5a-8189-25e7170523eb
bbe503c6-e33a-4343-9536-302ed12c1686	SAVING_ACCOUNT	999892018036	2023-04-07 21:58:26.731	1432.17	a822a938-9d49-47c9-83b8-5e25026aa4cd
4a115a65-486e-4313-8d1c-ea696c05caa3	CURRENT_ACCOUNT	2147414180831	2023-04-07 21:58:26.733	7141.08	f2b5c455-ff4f-483e-a1cb-10f872e2c8df
608e1e6f-5882-462f-8b6a-aac914d85f81	CURRENT_ACCOUNT	2163630397955	2023-04-07 21:58:32.8	3388.22	c16dba85-839a-4650-9b84-b9aa5a33879b
9108afbd-bbc8-4eec-a59a-4ecfb67849a1	CURRENT_ACCOUNT	1627161750271	2023-04-07 21:58:32.803	5963.72	3ecef422-a985-402f-bc72-bf7a7d5930da
12039ddd-7886-4994-a0e4-355b796c9f90	SAVING_ACCOUNT	1045053877164	2023-04-07 21:58:32.803	2580.62	8e9a384d-5619-404b-8e22-6efe6db29a34
fddb7b4e-393e-4009-81cd-3884e7e5ec7a	CURRENT_ACCOUNT	2697774834570	2023-04-07 21:58:32.804	1220.63	0f35b2ee-5ddf-463b-a1e7-c522b1caca0d
aa540a00-52aa-413c-8d80-d9ac12ad699a	CURRENT_ACCOUNT	2215324525306	2023-04-07 21:58:32.804	4050.13	f2b5c455-ff4f-483e-a1cb-10f872e2c8df
b202f524-4fb8-42b4-b55b-0986749df3c7	CURRENT_ACCOUNT	4071223296388	2023-04-07 21:58:32.805	4311.2	93f845e0-aa9b-474e-95f0-a56358eedc61
20d6029d-32ed-41cb-a25d-9b8479564c0b	SAVING_ACCOUNT	2477932497985	2023-04-07 21:58:32.805	5156.97	8d248c3a-1d0e-471a-87fa-ef72d7cf9d70
9e82556f-814a-4b21-af56-5fc3ba62648e	SAVING_ACCOUNT	3932730118832	2023-04-07 21:58:32.806	8275.98	7e2e4db6-ec33-4950-8319-beb3ad05c6e0
d198abf4-12eb-44f2-84ff-1d88079ca329	SAVING_ACCOUNT	1587227409942	2023-04-07 21:58:32.806	3662.2	583f3258-bc02-47c3-b60f-aa9b2a3fd212
c14e8560-04b6-477b-ab8f-c058998b36a5	CURRENT_ACCOUNT	1375873452606	2023-04-07 21:58:32.807	1793.46	20865c7c-20f1-4c42-8530-3cf45b0183f8
75c21989-fd5c-4ab1-8452-c488b15c02b8	CURRENT_ACCOUNT	3066068632335	2023-04-07 21:58:32.808	840.44	a822a938-9d49-47c9-83b8-5e25026aa4cd
115bbda6-f5ef-45be-9e84-35685201f4b3	SAVING_ACCOUNT	1456056441946	2023-04-07 21:58:32.808	1758.18	b3cf7c6f-c40f-43a3-a1c2-82a646b5967d
a62f2b6a-6d31-4f66-bde1-bece36ceb02b	SAVING_ACCOUNT	1467472963230	2023-04-07 21:58:32.809	9441.7	b3cf7c6f-c40f-43a3-a1c2-82a646b5967d
9cd5bff9-494d-42e1-a978-b69846996126	SAVING_ACCOUNT	2800024451740	2023-04-07 21:58:32.81	8325.08	7e2e4db6-ec33-4950-8319-beb3ad05c6e0
0243af1c-f955-4508-b7fa-a8120af0fded	CURRENT_ACCOUNT	4048599604087	2023-04-07 21:58:32.81	2805.64	7e2e4db6-ec33-4950-8319-beb3ad05c6e0
cfefc30d-ef76-4107-9667-0db5bd5980ab	SAVING_ACCOUNT	1261674906175	2023-04-07 21:58:32.81	4324.88	2314b90f-e8b1-4782-8ffa-246042d13aeb
367a63ab-6a25-4939-a6b2-992baceff887	SAVING_ACCOUNT	2902395827881	2023-04-07 21:58:32.811	5285.07	b3cf7c6f-c40f-43a3-a1c2-82a646b5967d
3b79e403-c788-495a-a8ca-86ad7643afaf	CURRENT_ACCOUNT	2162426775966	2023-04-07 21:58:32.811	4979.41	d0122a41-8351-45a2-b0fb-ea721cec26b4
b07884d0-8bc8-4103-b1ec-c002bc9e2286	CURRENT_ACCOUNT	3163994170963	2023-04-07 21:58:32.812	6272.18	a822a938-9d49-47c9-83b8-5e25026aa4cd
178e0c34-2ae5-4588-ae6e-c7f6b9e8b8d4	SAVING_ACCOUNT	3964210840827	2023-04-07 21:58:32.812	9907.39	a2ed062c-459a-4f3b-abe7-2a66fb9ec76b
6a7003e2-6471-49b2-8814-c642a0a3d2fe	SAVING_ACCOUNT	1246000121661	2023-04-07 21:58:37.425	1058.26	5ace4af1-b913-41f9-9303-7bffd9cee55d
17041073-624d-4ed0-bce6-a8c527bcd30f	CURRENT_ACCOUNT	4060875023586	2023-04-07 21:58:37.428	4132.46	b3cf7c6f-c40f-43a3-a1c2-82a646b5967d
fd244313-36e5-4a17-a27c-f8265bc46590	CURRENT_ACCOUNT	3516811815002	2023-04-07 21:58:37.428	5053.98	d0122a41-8351-45a2-b0fb-ea721cec26b4
26d65674-107a-40a5-b82c-41c7800e450a	CURRENT_ACCOUNT	2492183201204	2023-04-07 21:58:37.429	4095.42	99b6cbd6-e617-4a5e-8b0e-ca8e2e6aee78
0850607b-905b-46d1-a1bd-f8414cd0d927	CURRENT_ACCOUNT	1477065029974	2023-04-07 21:58:37.43	4298.61	a822a938-9d49-47c9-83b8-5e25026aa4cd
2c0bde90-dab7-4efe-85b1-80d290bf548a	CURRENT_ACCOUNT	3660104062831	2023-04-07 21:58:37.43	6390.51	2314b90f-e8b1-4782-8ffa-246042d13aeb
ae24910f-5915-4037-8cd1-ae9eb8aa2f57	CURRENT_ACCOUNT	3483384581261	2023-04-07 21:58:37.431	8386.75	a2ed062c-459a-4f3b-abe7-2a66fb9ec76b
a4c42c1c-e88c-4614-aafb-c513d6428742	CURRENT_ACCOUNT	2432985051033	2023-04-07 21:58:37.432	598.79	0f35b2ee-5ddf-463b-a1e7-c522b1caca0d
bf8330a5-f37c-4490-ab87-39fa48f26945	CURRENT_ACCOUNT	2897923970398	2023-04-07 21:58:37.432	3928.72	a361a3de-9ca4-4f95-b684-aaf66df098f1
c8817169-e8c0-4bc6-9706-c34508d10edb	CURRENT_ACCOUNT	3048469769952	2023-04-07 21:58:37.433	3086.6	2314b90f-e8b1-4782-8ffa-246042d13aeb
b651003f-e356-481f-943a-566424a8461b	CURRENT_ACCOUNT	2122780469761	2023-04-07 21:58:37.433	3244.19	ce7986b2-3927-4cbb-bf64-8661516ad686
\.


--
-- Data for Name: movements; Type: TABLE DATA; Schema: public; Owner: postgres
--

COPY public.movements (id, type, account_from, account_to, mount, created_at, updated_at) FROM stdin;
1d26d6d2-e7bd-42f6-95f8-7fa9546c6a51	TRANSFER	0243af1c-f955-4508-b7fa-a8120af0fded	611fde1e-c61d-4601-b4c0-f0809784b11a	1417	2023-04-07 21:59:06.012	2023-04-07 21:59:06.012
73beee5a-444f-4cb4-8ce7-3c4235b760d8	TRANSFER	0850607b-905b-46d1-a1bd-f8414cd0d927	a4c42c1c-e88c-4614-aafb-c513d6428742	1204	2023-04-07 21:59:06.025	2023-04-07 21:59:06.025
c41df75e-5a7b-4c00-9f73-c84450e5abd6	IN	0c8c380b-7bc5-4c0c-91a5-47c627caf2fb	\N	8019	2023-04-07 21:59:06.026	2023-04-07 21:59:06.026
e6ce6b0c-0a5f-4375-82fd-e4fe16231141	TRANSFER	115bbda6-f5ef-45be-9e84-35685201f4b3	0c8c380b-7bc5-4c0c-91a5-47c627caf2fb	1243	2023-04-07 21:59:06.027	2023-04-07 21:59:06.027
9e1852ab-1caa-44d4-bdd3-60c29a84cd97	OTHER	12039ddd-7886-4994-a0e4-355b796c9f90	\N	2115	2023-04-07 21:59:06.028	2023-04-07 21:59:06.028
e1c172e0-ccb0-4963-be20-957f1b72f2ad	IN	17041073-624d-4ed0-bce6-a8c527bcd30f	\N	1036	2023-04-07 21:59:06.029	2023-04-07 21:59:06.029
f4955d99-5e9f-41db-8994-c650bf5fd194	TRANSFER	178e0c34-2ae5-4588-ae6e-c7f6b9e8b8d4	840131bd-4108-4dc7-b585-292709106eec	6305	2023-04-07 21:59:06.029	2023-04-07 21:59:06.029
78d051a9-3337-456e-94ff-e255052ea3fb	TRANSFER	20d6029d-32ed-41cb-a25d-9b8479564c0b	840131bd-4108-4dc7-b585-292709106eec	595	2023-04-07 21:59:06.03	2023-04-07 21:59:06.03
d8577ddc-0af6-4895-af25-76b3ea674877	OUT	26d65674-107a-40a5-b82c-41c7800e450a	\N	268	2023-04-07 21:59:06.03	2023-04-07 21:59:06.03
cce553f6-8f20-4145-936f-2c7a7bfba119	OUT	2c0bde90-dab7-4efe-85b1-80d290bf548a	\N	3349	2023-04-07 21:59:06.031	2023-04-07 21:59:06.031
75f1b8ce-a682-4518-978f-d1b0c9fea734	OTHER	2f09b1ef-fa00-400a-8e73-a3a6ba64e299	\N	5741	2023-04-07 21:59:06.031	2023-04-07 21:59:06.031
f5fc63bd-5ab6-4fcc-a1ed-1c8fa14fd8ff	TRANSFER	34d61bf0-cbd3-4d55-ac2e-38fc3c7c7540	ae24910f-5915-4037-8cd1-ae9eb8aa2f57	802	2023-04-07 21:59:06.032	2023-04-07 21:59:06.032
7284bdc1-6fde-4b0b-aea7-6777b9b77602	OUT	367a63ab-6a25-4939-a6b2-992baceff887	\N	4814	2023-04-07 21:59:06.033	2023-04-07 21:59:06.033
beda1af4-f8da-4b05-ba27-85d02cb6960e	OUT	3a2b4cf2-4c7f-4021-babf-e683af9c99c2	\N	2922	2023-04-07 21:59:06.033	2023-04-07 21:59:06.033
0817a8dc-f41a-470d-8ccd-d7e4ab6af7a8	OTHER	3b79e403-c788-495a-a8ca-86ad7643afaf	\N	4776	2023-04-07 21:59:06.034	2023-04-07 21:59:06.034
4b83a855-8b87-4c23-af38-7032a2462d96	TRANSFER	449c8f63-3c2f-442d-ac10-46f1ac231d4c	da937ba2-9d93-4914-82d4-27b0e8254a35	7135	2023-04-07 21:59:06.035	2023-04-07 21:59:06.035
cf537e98-59db-4ff1-a576-c738e68d66f6	TRANSFER	4a115a65-486e-4313-8d1c-ea696c05caa3	9108afbd-bbc8-4eec-a59a-4ecfb67849a1	2412	2023-04-07 21:59:06.035	2023-04-07 21:59:06.035
2dd0ce11-f666-4d12-96de-0ea865215bef	OTHER	6057e687-fa7b-4ed4-86dc-7dce51b457d7	\N	920	2023-04-07 21:59:06.036	2023-04-07 21:59:06.036
48b7b5e5-19af-400e-af6c-c8e4d04ca5ab	OUT	608e1e6f-5882-462f-8b6a-aac914d85f81	\N	1584	2023-04-07 21:59:10.836	2023-04-07 21:59:10.836
0a8287bf-0a89-4eb8-bdba-b42f1cbee765	OTHER	611fde1e-c61d-4601-b4c0-f0809784b11a	\N	303	2023-04-07 21:59:10.839	2023-04-07 21:59:10.839
713fae99-3d5c-4476-ba65-837b676b631b	OUT	68403d93-9391-48ba-adcb-4e0069350187	\N	7574	2023-04-07 21:59:10.841	2023-04-07 21:59:10.841
1acf7382-0cf2-4e47-b33a-31158e26a8d1	OTHER	6a7003e2-6471-49b2-8814-c642a0a3d2fe	\N	938	2023-04-07 21:59:10.842	2023-04-07 21:59:10.842
1f31a3d9-c7b3-4af6-a26b-9fa1a521d82e	OTHER	75c21989-fd5c-4ab1-8452-c488b15c02b8	\N	577	2023-04-07 21:59:10.844	2023-04-07 21:59:10.844
9afdd486-4a48-4298-8e19-0089563acdbd	OUT	7605520b-713d-495f-b153-0bd49fe5ee0e	\N	838	2023-04-07 21:59:10.847	2023-04-07 21:59:10.847
59b28be2-bb9d-4e7d-a9a3-1f9f3bcfbed9	OTHER	840131bd-4108-4dc7-b585-292709106eec	\N	836	2023-04-07 21:59:10.85	2023-04-07 21:59:10.85
ad3a94aa-8689-472b-9aba-d3f4e833bc07	OTHER	86799c49-f4d9-4058-8b69-a7af9fc28eb2	\N	2299	2023-04-07 21:59:10.852	2023-04-07 21:59:10.852
e48eeac3-a8a6-49d3-bd1c-ed28c3d37c8d	TRANSFER	9108afbd-bbc8-4eec-a59a-4ecfb67849a1	da937ba2-9d93-4914-82d4-27b0e8254a35	1816	2023-04-07 21:59:10.853	2023-04-07 21:59:10.853
886ee9e3-2212-4821-b58b-646d9924b6b2	OTHER	9cd5bff9-494d-42e1-a978-b69846996126	\N	1390	2023-04-07 21:59:10.855	2023-04-07 21:59:10.855
08638feb-bdea-4842-8ce6-0e1669bf5b0a	OUT	9e82556f-814a-4b21-af56-5fc3ba62648e	\N	8015	2023-04-07 21:59:10.856	2023-04-07 21:59:10.856
de0fb406-0c15-47e7-aa15-88f183dc8155	OTHER	a4c42c1c-e88c-4614-aafb-c513d6428742	\N	520	2023-04-07 21:59:10.858	2023-04-07 21:59:10.858
dbd5bb9b-c254-49be-91d1-bf174cddd521	TRANSFER	a62f2b6a-6d31-4f66-bde1-bece36ceb02b	fddb7b4e-393e-4009-81cd-3884e7e5ec7a	7232	2023-04-07 21:59:10.861	2023-04-07 21:59:10.861
8df687d8-09ac-4ade-8ae7-222faf43f817	IN	aa540a00-52aa-413c-8d80-d9ac12ad699a	\N	2120	2023-04-07 21:59:10.862	2023-04-07 21:59:10.862
39b816cc-8e73-40a2-a1b2-037d27d7572c	OTHER	ae24910f-5915-4037-8cd1-ae9eb8aa2f57	\N	395	2023-04-07 21:59:10.863	2023-04-07 21:59:10.863
2c489c82-913f-43f0-a834-dcf7fc0cd8ea	OTHER	b07884d0-8bc8-4103-b1ec-c002bc9e2286	\N	3321	2023-04-07 21:59:10.863	2023-04-07 21:59:10.863
70fffff9-433a-4c48-9580-d0e5bbbcce04	OTHER	b202f524-4fb8-42b4-b55b-0986749df3c7	\N	1145	2023-04-07 21:59:10.864	2023-04-07 21:59:10.864
f6001bfa-dd50-4cb3-b594-3ec9c6c5194e	OUT	b651003f-e356-481f-943a-566424a8461b	\N	2236	2023-04-07 21:59:10.864	2023-04-07 21:59:10.864
cce1b2a5-ed86-4d68-a18b-44973d1a89e3	IN	b9e4d2ef-b539-4fdb-bc7c-9e79e01afded	\N	3462	2023-04-07 21:59:10.865	2023-04-07 21:59:10.865
42315917-7368-407f-b3fe-457a9ffcf1bd	TRANSFER	bbaa25fb-e1f0-4d12-8e88-7a4fd641ffed	3b79e403-c788-495a-a8ca-86ad7643afaf	4895	2023-04-07 21:59:15.362	2023-04-07 21:59:15.362
1dea863f-9cbb-49c3-adbb-fda08e9b92df	OTHER	bbe503c6-e33a-4343-9536-302ed12c1686	\N	295	2023-04-07 21:59:15.367	2023-04-07 21:59:15.367
0736c273-9b85-4e70-b274-99bcd632cba8	OUT	bf8330a5-f37c-4490-ab87-39fa48f26945	\N	94	2023-04-07 21:59:15.368	2023-04-07 21:59:15.368
859a6e58-ad52-4240-9dff-7f7b4c9a86f8	OTHER	c14e8560-04b6-477b-ab8f-c058998b36a5	\N	377	2023-04-07 21:59:15.37	2023-04-07 21:59:15.37
ab5caa46-bbfb-46ee-8b24-38186e137538	OTHER	c8817169-e8c0-4bc6-9706-c34508d10edb	\N	1783	2023-04-07 21:59:15.375	2023-04-07 21:59:15.375
218039ce-fc4b-4c79-bcf3-d9be697e0645	OTHER	cf93f546-fcef-44b3-b507-a5a72d40a21f	\N	7111	2023-04-07 21:59:15.377	2023-04-07 21:59:15.377
74c69cdb-3e33-49a5-8158-c55c778092b1	OUT	cfefc30d-ef76-4107-9667-0db5bd5980ab	\N	3878	2023-04-07 21:59:15.379	2023-04-07 21:59:15.379
34193d0e-337c-4551-8e9b-f9e5114b2c01	IN	d198abf4-12eb-44f2-84ff-1d88079ca329	\N	1858	2023-04-07 21:59:15.38	2023-04-07 21:59:15.38
f751f364-5542-4360-bb00-c5a7ce01aff8	IN	da937ba2-9d93-4914-82d4-27b0e8254a35	\N	530	2023-04-07 21:59:15.382	2023-04-07 21:59:15.382
f364c62b-1e88-4f72-be21-e7e31f85507c	TRANSFER	eaf11fb2-bc2f-4fde-b7cd-2a92c72c25c0	fd244313-36e5-4a17-a27c-f8265bc46590	757	2023-04-07 21:59:15.383	2023-04-07 21:59:15.383
5b858858-d006-4e63-9109-01f70c0ceb0d	OTHER	f981242f-4a17-44d7-b811-e9a3c64118e0	\N	3791	2023-04-07 21:59:15.384	2023-04-07 21:59:15.384
664812f2-d307-4b21-bba0-719c3d604d14	TRANSFER	fd244313-36e5-4a17-a27c-f8265bc46590	611fde1e-c61d-4601-b4c0-f0809784b11a	2596	2023-04-07 21:59:15.385	2023-04-07 21:59:15.385
1bfa6d7c-37c0-466f-849c-08efceab74f7	OUT	fddb7b4e-393e-4009-81cd-3884e7e5ec7a	\N	686	2023-04-07 21:59:15.386	2023-04-07 21:59:15.386
\.


--
-- Data for Name: users; Type: TABLE DATA; Schema: public; Owner: postgres
--

COPY public.users (id, name, last_name, email, date_joined, created_at, updated_at) FROM stdin;
20865c7c-20f1-4c42-8530-3cf45b0183f8	Alexandrine	Hoeger	Alexandrine.Hoeger43@yahoo.com	2015-04-28 00:43:18.975	2023-04-07 21:58:16.183	2023-04-03 01:37:14.372
5ace4af1-b913-41f9-9303-7bffd9cee55d	German	Moore	German.Moore23@gmail.com	2009-01-22 12:47:32.717	2023-04-07 21:58:16.196	2023-04-03 01:37:14.374
f2b5c455-ff4f-483e-a1cb-10f872e2c8df	Jaida	Schneider	Jaida_Schneider@hotmail.com	2011-02-22 14:20:59.873	2023-04-07 21:58:16.2	2023-04-03 01:37:14.374
a361a3de-9ca4-4f95-b684-aaf66df098f1	Saige	Barton	Saige53@yahoo.com	2005-02-24 10:54:52.782	2023-04-07 21:58:16.201	2023-04-03 01:37:14.374
8d248c3a-1d0e-471a-87fa-ef72d7cf9d70	Mara	Considine	Mara_Considine@gmail.com	2008-12-31 19:10:18.088	2023-04-07 21:58:16.202	2023-04-03 01:37:14.374
99b6cbd6-e617-4a5e-8b0e-ca8e2e6aee78	Jovany	Hackett	Jovany.Hackett55@gmail.com	2004-07-14 17:45:43.342	2023-04-07 21:58:16.203	2023-04-03 01:37:14.374
b3cf7c6f-c40f-43a3-a1c2-82a646b5967d	Judy	Weissnat	Judy54@gmail.com	2013-06-13 01:57:35.235	2023-04-07 21:58:16.204	2023-04-03 01:37:14.374
3ecef422-a985-402f-bc72-bf7a7d5930da	Amelia	Wuckert	Amelia20@hotmail.com	2010-08-02 11:05:07.921	2023-04-07 21:58:16.205	2023-04-03 01:37:14.374
583f3258-bc02-47c3-b60f-aa9b2a3fd212	Bryana	Metz	Bryana70@yahoo.com	2014-06-07 12:39:38.531	2023-04-07 21:58:16.206	2023-04-03 01:37:14.374
0f35b2ee-5ddf-463b-a1e7-c522b1caca0d	Johathan	Fahey	Johathan11@hotmail.com	1990-10-06 02:20:10.144	2023-04-07 21:58:16.206	2023-04-03 01:37:14.374
2314b90f-e8b1-4782-8ffa-246042d13aeb	Bartholome	Stoltenberg	Bartholome.Stoltenberg@gmail.com	2018-03-17 21:47:14.981	2023-04-07 21:58:16.207	2023-04-03 01:37:14.374
994dc43f-7941-4c5a-8189-25e7170523eb	Sim	Harris	Sim6@hotmail.com	2016-06-17 23:13:46.615	2023-04-07 21:58:16.208	2023-04-03 01:37:14.374
ce7986b2-3927-4cbb-bf64-8661516ad686	Yesenia	Goodwin	Yesenia.Goodwin24@hotmail.com	2007-04-25 12:14:06.012	2023-04-07 21:58:16.208	2023-04-03 01:37:14.374
d0122a41-8351-45a2-b0fb-ea721cec26b4	Kaden	Gusikowski	Kaden.Gusikowski@gmail.com	1992-03-26 08:45:42.184	2023-04-07 21:58:16.21	2023-04-03 01:37:14.374
93f845e0-aa9b-474e-95f0-a56358eedc61	Orin	Hills	Orin78@gmail.com	1994-10-14 14:56:36.101	2023-04-07 21:58:16.211	2023-04-03 01:37:14.374
c16dba85-839a-4650-9b84-b9aa5a33879b	Leo	Halvorson	Leo6@hotmail.com	1998-05-04 00:53:58.557	2023-04-07 21:58:16.211	2023-04-03 01:37:14.374
a2ed062c-459a-4f3b-abe7-2a66fb9ec76b	Maximo	Hyatt	Maximo59@gmail.com	2017-05-11 00:01:06.175	2023-04-07 21:58:16.212	2023-04-03 01:37:14.374
a822a938-9d49-47c9-83b8-5e25026aa4cd	Susan	Rutherford	Susan90@yahoo.com	2002-11-20 02:13:08.194	2023-04-07 21:58:16.212	2023-04-03 01:37:14.374
7e2e4db6-ec33-4950-8319-beb3ad05c6e0	Brigitte	Murray	Brigitte20@gmail.com	2014-03-28 10:05:50.955	2023-04-07 21:58:16.213	2023-04-03 01:37:14.374
8e9a384d-5619-404b-8e22-6efe6db29a34	Ricardo	Stiedemann	Ricardo.Stiedemann6@yahoo.com	1996-09-29 15:44:21.526	2023-04-07 21:58:16.214	2023-04-03 01:37:14.374
\.


--
-- Name: accounts accounts_account_id_key; Type: CONSTRAINT; Schema: public; Owner: postgres
--

ALTER TABLE ONLY public.accounts
    ADD CONSTRAINT accounts_account_id_key UNIQUE (account_id);


--
-- Name: accounts accounts_pkey; Type: CONSTRAINT; Schema: public; Owner: postgres
--

ALTER TABLE ONLY public.accounts
    ADD CONSTRAINT accounts_pkey PRIMARY KEY (id);


--
-- Name: movements movements_pkey; Type: CONSTRAINT; Schema: public; Owner: postgres
--

ALTER TABLE ONLY public.movements
    ADD CONSTRAINT movements_pkey PRIMARY KEY (id);


--
-- Name: users users_email_key; Type: CONSTRAINT; Schema: public; Owner: postgres
--

ALTER TABLE ONLY public.users
    ADD CONSTRAINT users_email_key UNIQUE (email);


--
-- Name: users users_pkey; Type: CONSTRAINT; Schema: public; Owner: postgres
--

ALTER TABLE ONLY public.users
    ADD CONSTRAINT users_pkey PRIMARY KEY (id);


--
-- Name: accounts accounts_user_id_fkey; Type: FK CONSTRAINT; Schema: public; Owner: postgres
--

ALTER TABLE ONLY public.accounts
    ADD CONSTRAINT accounts_user_id_fkey FOREIGN KEY (user_id) REFERENCES public.users(id);


--
-- Name: movements movements_account_from_fkey; Type: FK CONSTRAINT; Schema: public; Owner: postgres
--

ALTER TABLE ONLY public.movements
    ADD CONSTRAINT movements_account_from_fkey FOREIGN KEY (account_from) REFERENCES public.accounts(id);


--
-- Name: movements movements_account_to_fkey; Type: FK CONSTRAINT; Schema: public; Owner: postgres
--

ALTER TABLE ONLY public.movements
    ADD CONSTRAINT movements_account_to_fkey FOREIGN KEY (account_to) REFERENCES public.accounts(id);


--
-- PostgreSQL database dump complete
--

